"RK",TIERS,"PLAYER NAME",TEAM,"POS","BEST","WORST","AVG.","STD.DEV"
"1",1,"Josh Allen",BUF,"QB1","1","3","1.8","0.6"
"2",1,"Jonathan Taylor",IND,"RB1","1","8","2.9","2.2"
"3",1,"Patrick Mahomes II",KC,"QB2","2","10","3.1","1.6"
"4",1,"Justin Herbert",LAC,"QB3","3","10","5.6","2.1"
"5",2,"Justin Jefferson",MIN,"WR1","1","11","7.5","2.5"
"6",2,"Ja'Marr Chase",CIN,"WR2","2","11","7.8","2.8"
"7",2,"Najee Harris",PIT,"RB2","4","15","8.2","3.7"
"8",2,"Joe Burrow",CIN,"QB4","4","26","11.3","6.0"
"9",2,"D'Andre Swift",DET,"RB3","5","28","12.0","6.3"
"10",2,"Javonte Williams",DEN,"RB4","4","27","12.3","6.1"
"11",2,"Christian McCaffrey",CAR,"RB5","4","24","12.8","6.4"
"12",3,"Lamar Jackson",BAL,"QB5","4","29","14.3","6.3"
"13",3,"Kyler Murray",ARI,"QB6","5","35","14.5","8.2"
"14",3,"A.J. Brown",TEN,"WR3","12","27","16.7","3.9"
"15",3,"Cooper Kupp",LAR,"WR4","10","34","17.9","6.4"
"16",3,"Austin Ekeler",LAC,"RB6","7","40","18.1","8.2"
"17",3,"Kyle Pitts",ATL,"TE1","7","34","19.2","5.5"
"18",3,"CeeDee Lamb",DAL,"WR5","11","32","20.1","6.0"
"19",3,"Joe Mixon",CIN,"RB7","11","35","20.9","8.0"
"20",4,"Deshaun Watson",CLE,"QB7","5","58","24.4","14.1"
"21",4,"Dalvin Cook",MIN,"RB8","12","54","25.0","9.8"
"22",4,"Dak Prescott",DAL,"QB8","8","44","25.0","8.1"
"23",4,"Mark Andrews",BAL,"TE2","18","45","25.8","6.6"
"24",4,"Davante Adams",LV,"WR6","15","40","25.8","6.7"
"25",4,"Alvin Kamara",NO,"RB9","11","45","27.4","9.2"
"26",4,"Antonio Gibson",WAS,"RB10","12","55","28.1","11.5"
"27",4,"Deebo Samuel",SF,"WR7","15","42","29.8","8.5"
"28",4,"Tyreek Hill",MIA,"WR8","15","43","30.7","8.3"
"29",4,"Stefon Diggs",BUF,"WR9","18","40","30.9","6.9"
"30",4,"Russell Wilson",DEN,"QB9","14","49","32.1","10.5"
"31",4,"Nick Chubb",CLE,"RB11","16","58","32.1","11.1"
"32",5,"Tee Higgins",CIN,"WR10","19","48","34.1","7.6"
"33",5,"Jaylen Waddle",MIA,"WR11","18","47","34.2","7.7"
"34",5,"Trey Lance",SF,"QB10","17","57","34.9","11.1"
"35",5,"D.K. Metcalf",SEA,"WR12","19","49","35.3","8.3"
"36",5,"Cam Akers",LAR,"RB12","22","64","37.6","12.0"
"37",5,"Justin Fields",CHI,"QB11","20","61","39.1","11.2"
"38",5,"Derrick Henry",TEN,"RB13","15","67","40.6","13.7"
"39",5,"Saquon Barkley",NYG,"RB14","22","65","40.9","13.0"
"40",5,"Diontae Johnson",PIT,"WR13","34","50","42.1","4.0"
"41",5,"Trevor Lawrence",JAC,"QB12","14","71","42.3","15.2"
"42",5,"DJ Moore",CAR,"WR14","30","56","42.5","5.7"
"43",5,"Matthew Stafford",LAR,"QB13","21","60","44.1","10.0"
"44",5,"Jalen Hurts",PHI,"QB14","19","63","44.8","10.8"
"45",5,"Chris Godwin",TB,"WR15","38","59","45.1","4.3"
"46",6,"Terry McLaurin",WAS,"WR16","37","56","46.1","4.3"
"47",6,"J.K. Dobbins",BAL,"RB15","26","84","46.8","17.0"
"48",6,"Travis Kelce",KC,"TE3","20","78","51.4","19.4"
"49",6,"Aaron Rodgers",GB,"QB15","22","74","52.0","11.4"
"50",6,"George Kittle",SF,"TE4","27","78","52.2","17.5"
"51",6,"Elijah Moore",NYJ,"WR17","40","79","52.5","9.1"
"52",6,"David Montgomery",CHI,"RB16","30","82","53.4","12.8"
"53",6,"Mike Evans",TB,"WR18","41","71","54.5","6.9"
"54",6,"DeVonta Smith",PHI,"WR19","42","78","55.4","9.9"
"55",6,"Jerry Jeudy",DEN,"WR20","37","76","55.7","9.8"
"56",6,"Michael Pittman Jr.",IND,"WR21","42","82","57.0","9.2"
"57",6,"Keenan Allen",LAC,"WR22","41","78","58.7","8.8"
"58",6,"Aaron Jones",GB,"RB17","41","83","61.1","11.0"
"59",6,"Josh Jacobs",LV,"RB18","32","83","61.6","11.5"
"60",6,"Amari Cooper",CLE,"WR23","46","78","62.3","9.1"
"61",6,"Travis Etienne Jr.",JAC,"RB19","32","89","62.4","13.3"
"62",6,"Tua Tagovailoa",MIA,"QB16","43","76","62.6","8.7"
"63",6,"DeAndre Hopkins",ARI,"WR24","45","108","63.1","14.9"
"64",7,"Elijah Mitchell",SF,"RB20","36","100","64.7","14.7"
"65",7,"Derek Carr",LV,"QB17","46","85","65.5","10.2"
"66",7,"Amon-Ra St. Brown",DET,"WR25","51","110","69.0","16.1"
"67",7,"Ezekiel Elliott",DAL,"RB21","41","103","69.6","12.8"
"68",7,"AJ Dillon",GB,"RB22","59","86","71.3","5.8"
"69",7,"Mac Jones",NE,"QB18","52","118","71.7","16.9"
"70",7,"Rashod Bateman",BAL,"WR26","53","102","74.2","11.6"
"71",7,"Kirk Cousins",MIN,"QB19","58","93","75.4","9.1"
"72",7,"Courtland Sutton",DEN,"WR27","46","105","76.8","18.6"
"73",7,"Darren Waller",LV,"TE5","34","103","76.8","13.4"
"74",7,"Zach Wilson",NYJ,"QB20","52","102","76.9","13.5"
"75",7,"Michael Carter",NYJ,"RB23","56","100","78.0","12.4"
"76",7,"Leonard Fournette",TB,"RB24","59","101","78.1","12.1"
"77",7,"T.J. Hockenson",DET,"TE6","30","106","78.3","16.4"
"78",7,"Mike Williams",LAC,"WR28","53","104","79.7","11.5"
"79",7,"Michael Thomas",NO,"WR29","55","106","81.5","12.1"
"80",7,"Darnell Mooney",CHI,"WR30","63","101","82.6","9.5"
"81",7,"Brandon Aiyuk",SF,"WR31","62","105","83.8","11.2"
"82",8,"James Conner",ARI,"RB25","36","113","87.4","19.4"
"83",8,"Miles Sanders",PHI,"RB26","72","108","88.9","9.4"
"84",8,"Ryan Tannehill",TEN,"QB21","67","166","89.2","18.9"
"85",8,"Chase Claypool",PIT,"WR32","69","124","90.5","16.0"
"86",8,"Damien Harris",NE,"RB27","75","110","91.0","10.7"
"87",8,"Dallas Goedert",PHI,"TE7","78","123","91.2","11.8"
"88",8,"Allen Robinson II",LAR,"WR33","54","124","91.6","18.6"
"89",8,"Marquise Brown",BAL,"WR34","67","134","92.0","14.2"
"90",8,"Clyde Edwards-Helaire",KC,"RB28","66","115","94.0","12.3"
"91",8,"Kareem Hunt",CLE,"RB29","72","116","94.8","13.9"
"92",8,"Tony Pollard",DAL,"RB30","70","124","95.8","14.8"
"93",8,"Pat Freiermuth",PIT,"TE8","83","133","97.8","11.8"
"94",8,"Hunter Renfrow",LV,"WR35","59","129","99.2","17.1"
"95",8,"Tyler Lockett",SEA,"WR36","68","128","100.2","12.4"
"96",8,"Dalton Schultz",DAL,"TE9","82","121","100.3","11.4"
"97",8,"Brandin Cooks",HOU,"WR37","82","118","101.7","9.6"
"98",8,"JuJu Smith-Schuster",KC,"WR38","76","158","102.5","18.6"
"99",8,"Gabriel Davis",BUF,"WR39","86","150","105.0","15.1"
"100",8,"Devin Singletary",BUF,"RB31","78","137","106.9","15.1"
"101",8,"Matt Ryan",IND,"QB22","76","146","107.8","19.1"
"102",8,"Chase Edmonds",MIA,"RB32","90","133","107.9","11.7"
"103",8,"Rashaad Penny",SEA,"RB33","70","132","109.5","15.1"
"104",8,"Dawson Knox",BUF,"TE10","85","141","110.3","13.4"
"105",8,"Kadarius Toney",NYG,"WR40","77","143","111.0","16.2"
"106",8,"Rhamondre Stevenson",NE,"RB34","95","138","111.7","12.6"
"107",8,"Michael Gallup",DAL,"WR41","71","140","114.1","19.0"
"108",8,"Davis Mills",HOU,"QB23","72","201","114.6","28.3"
"109",8,"Carson Wentz",WAS,"QB24","88","169","115.0","20.4"
"110",9,"James Robinson",JAC,"RB35","94","145","118.0","13.4"
"111",9,"Christian Kirk",JAC,"WR42","96","159","120.3","15.7"
"112",9,"Robert Woods",TEN,"WR43","81","149","120.8","17.9"
"113",9,"Rondale Moore",ARI,"WR44","87","160","121.4","18.1"
"114",9,"Noah Fant",SEA,"TE11","82","149","121.4","17.7"
"115",9,"Mike Gesicki",MIA,"TE12","101","144","122.9","10.6"
"116",9,"Adam Thielen",MIN,"WR45","102","159","124.5","15.9"
"117",9,"Alexander Mattison",MIN,"RB36","105","158","125.8","13.2"
"118",9,"Calvin Ridley",ATL,"WR46","80","211","127.0","33.1"
"119",9,"Odell Beckham Jr.",LAR,"WR47","79","189","128.1","26.7"
"120",9,"Darrell Henderson Jr.",LAR,"RB37","99","165","128.8","18.0"
"121",9,"Melvin Gordon III",DEN,"RB38","108","173","129.1","15.4"
"122",9,"Daniel Jones",NYG,"QB25","82","195","122.4","27.3"
"123",9,"Tyler Boyd",CIN,"WR48","96","166","132.0","18.1"
"124",9,"Ronald Jones II",KC,"RB39","100","168","136.1","16.5"
"125",9,"Jameis Winston",NO,"QB26","93","202","128.6","27.8"
"126",9,"Cole Kmet",CHI,"TE13","116","211","138.6","21.4"
"127",9,"Albert Okwuegbunam",DEN,"TE14","108","199","138.7","23.0"
"128",9,"D.J. Chark Jr.",DET,"WR49","105","184","139.8","21.2"
"129",9,"Kenneth Gainwell",PHI,"RB40","124","185","141.8","17.4"
"130",9,"Zach Ertz",ARI,"TE15","123","153","144.5","7.9"
"131",9,"Hunter Henry",NE,"TE16","122","170","145.7","12.0"
"132",9,"Kenny Golladay",NYG,"WR50","111","197","147.6","21.0"
"133",9,"Corey Davis",NYJ,"WR51","117","189","148.4","18.3"
"134",9,"Khalil Herbert",CHI,"RB41","116","221","149.7","24.4"
"135",9,"Jakobi Meyers",NE,"WR52","109","206","150.0","25.2"
"136",9,"Sony Michel",LAR,"RB42","121","209","150.2","19.4"
"137",10,"Irv Smith Jr.",MIN,"TE17","109","200","150.8","22.4"
"138",10,"Russell Gage",TB,"WR53","107","210","154.4","28.5"
"139",10,"Chris Carson",SEA,"RB43","112","268","154.9","37.7"
"140",10,"Baker Mayfield",CLE,"QB27","89","154","117.4","19.2"
"141",10,"Laviska Shenault Jr.",JAC,"WR54","124","199","156.3","23.0"
"142",10,"Chuba Hubbard",CAR,"RB44","127","219","157.1","21.5"
"143",10,"J.D. McKissic",WAS,"RB45","128","223","159.6","21.0"
"144",10,"Jared Goff",DET,"QB28","112","170","136.2","17.0"
"145",10,"Tyler Higbee",LAR,"TE18","131","210","163.0","18.4"
"146",10,"Cordarrelle Patterson",ATL,"RB46","107","236","163.2","32.1"
"147",10,"Logan Thomas",WAS,"TE19","133","227","163.4","25.2"
"148",10,"Jamaal Williams",DET,"RB47","130","215","164.4","23.0"
"149",10,"Jarvis Landry",FA,"WR55","123","240","166.2","21.9"
"150",10,"Evan Engram",JAC,"TE20","133","221","166.3","19.1"
"151",10,"Van Jefferson",LAR,"WR56","123","218","168.2","20.8"
"152",10,"Tom Brady",TB,"QB29","44","131","82.2","19.9"
"153",10,"David Njoku",CLE,"TE21","112","236","169.0","33.8"
"154",10,"Trey Sermon",SF,"RB48","132","239","171.2","26.1"
"155",10,"William Fuller V",FA,"WR57","119","240","171.3","29.4"
"156",10,"Tim Patrick",DEN,"WR58","105","248","172.0","31.8"
"157",10,"Nico Collins",HOU,"WR59","133","218","172.6","21.2"
"158",10,"Curtis Samuel",WAS,"WR60","134","209","174.3","19.3"
"159",10,"DeVante Parker",NE,"WR61","149","207","176.0","16.1"
"160",10,"Gus Edwards",BAL,"RB49","130","325","176.6","42.8"
"161",10,"Ke'Shawn Vaughn",TB,"RB50","135","244","177.0","27.0"
"162",10,"Kenyan Drake",LV,"RB51","131","318","180.2","33.7"
"163",10,"Gerald Everett",LAC,"TE22","143","225","184.1","23.6"
"164",10,"Julio Jones",FA,"WR62","132","280","184.2","30.8"
"165",10,"Raheem Mostert",MIA,"RB52","140","261","185.2","26.6"
"166",10,"Terrace Marshall Jr.",CAR,"WR63","144","239","185.4","23.0"
"167",10,"Jimmy Garoppolo",SF,"QB30","97","160","132.0","16.3"
"168",10,"Nyheim Hines",IND,"RB53","141","248","178.8","26.9"
"169",10,"Brevin Jordan",HOU,"TE23","138","261","187.5","35.1"
"170",10,"Myles Gaskin",MIA,"RB54","128","285","182.6","39.0"
"171",10,"Donovan Peoples-Jones",CLE,"WR64","158","231","190.2","20.7"
"172",11,"Rob Gronkowski",TB,"TE24","150","241","184.3","25.3"
"173",11,"Zack Moss",BUF,"RB55","141","277","191.2","33.1"
"174",11,"Jaret Patterson",WAS,"RB56","140","241","186.6","23.7"
"175",11,"Robby Anderson",CAR,"WR65","167","305","196.9","27.9"
"176",11,"Jonnu Smith",NE,"TE25","164","246","197.5","24.8"
"177",11,"Mecole Hardman",KC,"WR66","167","231","198.3","16.2"
"178",11,"Allen Lazard",GB,"WR67","135","237","198.9","26.7"
"179",11,"Joshua Palmer",LAC,"WR68","136","232","185.4","24.5"
"180",11,"Adam Trautman",NO,"TE26","161","287","194.7","29.9"
"181",11,"Marquez Valdes-Scantling",KC,"WR69","150","286","201.7","27.6"
"182",11,"D'Onta Foreman",CAR,"RB57","158","292","197.1","30.4"
"183",11,"D'Ernest Johnson",CLE,"RB58","132","289","198.2","41.8"
"184",11,"Breece Hall",FA,"RB59","21","220","70.2","66.3"
"185",11,"Robert Tonyan",GB,"TE27","153","250","207.7","24.9"
"186",11,"Austin Hooper",TEN,"TE28","169","246","209.5","23.4"
"187",11,"Marvin Jones Jr.",JAC,"WR70","182","272","211.1","24.7"
"188",11,"Darrel Williams",KC,"RB60","135","327","205.7","45.6"
"189",11,"Mitchell Trubisky",PIT,"QB31","121","231","156.8","27.4"
"190",11,"Chris Evans",CIN,"RB61","181","280","207.0","26.6"
"191",11,"Dyami Brown",WAS,"WR71","176","280","214.4","24.9"
"192",11,"Sam Darnold",CAR,"QB32","138","211","160.7","23.8"
"193",11,"Marquez Callaway",NO,"WR72","158","281","209.6","30.8"
"194",11,"KJ Hamler",DEN,"WR73","174","274","217.1","25.9"
"195",11,"Sterling Shepard",NYG,"WR74","164","269","204.9","26.9"
"196",11,"Bryan Edwards",LV,"WR75","177","265","212.7","22.5"
"197",11,"Jamison Crowder",BUF,"WR76","160","310","218.6","27.2"
"198",11,"Justin Jackson",LAC,"RB62","155","305","217.2","38.8"
"199",11,"Kendrick Bourne",NE,"WR77","167","328","223.7","36.1"
"200",11,"Jeff Wilson Jr.",SF,"RB63","167","282","211.8","30.0"
"201",11,"D'Wayne Eskridge",SEA,"WR78","198","287","229.4","23.6"
"202",11,"Garrett Wilson",FA,"WR79","48","265","116.6","75.1"
"203",11,"Mike Davis",ATL,"RB64","161","305","219.7","40.5"
"204",11,"Parris Campbell",IND,"WR80","185","295","222.0","25.0"
"205",11,"C.J. Uzomah",NYJ,"TE29","170","277","227.9","27.5"
"206",12,"O.J. Howard",BUF,"TE30","155","278","234.2","27.5"
"207",12,"Treylon Burks",FA,"WR81","56","267","123.6","74.1"
"208",12,"Cedrick Wilson Jr.",MIA,"WR82","162","279","215.4","31.9"
"209",12,"Marcus Mariota",ATL,"QB33","118","249","159.9","37.5"
"210",12,"Harrison Bryant",CLE,"TE31","173","290","233.4","26.3"
"211",12,"Samaje Perine",CIN,"RB65","181","286","222.5","32.2"
"212",12,"Tre'Quan Smith",NO,"WR83","205","284","234.4","22.7"
"213",12,"Kenneth Walker III",FA,"RB66","41","292","115.4","84.9"
"214",12,"Drake London",FA,"WR84","57","279","133.1","75.5"
"215",12,"Marlon Mack",HOU,"RB67","177","297","223.8","33.0"
"216",12,"Cole Beasley",FA,"WR85","194","333","235.3","35.1"
"217",12,"Hayden Hurst",CIN,"TE32","204","280","235.4","17.9"
"218",12,"Darius Slayton",NYG,"WR86","180","334","230.3","35.2"
"219",12,"Boston Scott",PHI,"RB68","176","328","231.5","38.1"
"220",12,"Eno Benjamin",ARI,"RB69","170","338","238.1","40.5"
"221",12,"Jalen Reagor",PHI,"WR87","189","315","228.4","32.4"
"222",12,"David Johnson",HOU,"RB70","179","328","235.5","37.3"
"223",12,"K.J. Osborn",MIN,"WR88","165","321","224.0","40.7"
"224",12,"Dan Arnold",JAC,"TE33","164","307","236.3","36.9"
"225",12,"Jermar Jefferson",DET,"RB71","187","306","237.0","32.4"
"226",12,"Jameson Williams",FA,"WR89","69","278","131.8","60.6"
"227",12,"Amari Rodgers",GB,"WR90","207","336","242.0","29.1"
"228",12,"Jordan Love",GB,"QB34","142","192","156.4","16.4"
"229",12,"Quez Watkins",PHI,"WR91","200","269","232.1","21.8"
"230",12,"A.J. Green",ARI,"WR92","204","321","248.1","29.4"
"231",12,"James Washington",DAL,"WR93","211","305","243.3","22.0"
"232",12,"Drew Lock",SEA,"QB35","141","193","158.5","15.4"
"233",12,"Kylin Hill",GB,"RB72","184","337","239.2","36.4"
"234",12,"Quintez Cephus",DET,"WR94","200","324","244.9","30.1"
"235",12,"Isaiah Spiller",FA,"RB73","64","291","146.2","73.5"
"236",12,"James White",NE,"RB74","189","300","240.9","27.8"
"237",12,"Chris Olave",FA,"WR95","86","271","135.8","58.0"
"238",12,"Latavius Murray",BAL,"RB75","194","326","250.7","33.8"
"239",12,"T.Y. Hilton",IND,"WR96","203","326","251.5","31.1"
"240",12,"Taysom Hill",NO,"QB36","139","232","171.5","29.3"
"241",12,"Phillip Lindsay",MIA,"RB76","180","339","247.2","41.9"
"242",12,"Teddy Bridgewater",MIA,"QB37","147","212","162.8","20.3"
"243",12,"Jared Cook",LAC,"TE34","210","334","256.3","30.4"
"244",12,"Byron Pringle",CHI,"WR97","190","317","251.7","39.5"
"245",12,"Tyler Johnson",TB,"WR98","204","324","252.6","28.1"
"246",12,"Nelson Agholor",NE,"WR99","219","327","253.1","26.7"
"247",12,"Josh Reynolds",DET,"WR100","197","317","256.2","35.6"
"248",12,"Damien Williams",ATL,"RB77","193","289","252.8","23.8"
"249",12,"Ty Johnson",NYJ,"RB78","216","330","255.3","35.7"
"250",12,"George Pickens",FA,"WR101","100","277","168.8","50.9"
"251",13,"Anthony Schwartz",CLE,"WR102","201","315","244.3","28.1"
"252",13,"Jerick McKinnon",KC,"RB79","189","340","265.5","40.0"
"253",13,"Jalen Guyton",LAC,"WR103","166","342","257.3","39.3"
"254",13,"Malik Willis",FA,"QB38","64","112","86.6","18.0"
"255",13,"Antonio Brown",FA,"WR104","188","307","241.4","30.2"
"256",13,"Tarik Cohen",FA,"RB80","182","339","255.1","44.9"
"257",13,"Skyy Moore",FA,"WR105","110","280","184.6","54.9"
"258",13,"Zamir White",FA,"RB81","130","279","169.7","49.6"
"259",13,"Jahan Dotson",FA,"WR106","125","281","188.7","43.8"
"260",13,"Tyler Conklin",NYJ,"TE35","209","288","253.9","19.5"
"261",13,"Mark Ingram II",NO,"RB82","235","323","269.1","28.6"
"262",13,"Devontae Booker",FA,"RB83","215","313","265.2","29.7"
"263",13,"Emmanuel Sanders",BUF,"WR107","203","356","255.1","33.8"
"264",13,"N'Keal Harry",NE,"WR108","230","328","265.5","24.5"
"265",13,"Denzel Mims",NYJ,"WR109","201","339","255.3","33.2"
"266",13,"Rachaad White",FA,"RB84","100","293","177.4","59.3"
"267",13,"Larry Rountree III",LAC,"RB85","243","321","266.9","21.9"
"268",13,"Darrynton Evans",CHI,"RB86","211","331","262.3","32.6"
"269",13,"Joshua Kelley",LAC,"RB87","215","341","267.6","30.8"
"270",13,"Mo Alie-Cox",IND,"TE36","172","298","242.9","35.5"
"271",13,"Giovani Bernard",TB,"RB88","217","327","262.1","30.0"
"272",13,"Rex Burkhead",HOU,"RB89","190","348","276.0","35.4"
"273",13,"Devin Duvernay",BAL,"WR110","238","337","269.1","24.2"
"274",13,"DeeJay Dallas",SEA,"RB90","232","332","274.6","29.3"
"275",13,"Salvon Ahmed",MIA,"RB91","245","331","279.1","22.8"
"276",13,"Kene Nwangwu",MIN,"RB92","191","335","254.8","43.3"
"277",13,"Dameon Pierce",FA,"RB93","138","295","205.3","42.7"
"278",13,"Sammy Watkins",BAL,"WR111","240","331","272.3","26.8"
"279",13,"Christian Watson",FA,"WR112","106","268","170.9","55.0"
"280",13,"Tommy Tremble",CAR,"TE37","188","315","255.8","36.5"
"281",13,"Duke Johnson Jr.",BUF,"RB94","186","345","277.9","41.6"
"282",13,"Kyren Williams",FA,"RB95","113","294","208.2","64.1"
"283",13,"Isaiah McKenzie",BUF,"WR113","197","333","241.7","44.6"
"284",13,"Brian Robinson Jr.",FA,"RB96","101","324","174.0","70.9"
"285",13,"Hunter Long",MIA,"TE38","203","327","259.8","35.7"
"286",13,"Tevin Coleman",NYJ,"RB97","193","332","276.4","33.5"
"287",13,"Donald Parham Jr.",LAC,"TE39","202","322","269.7","30.5"
"288",13,"Kylen Granson",IND,"TE40","208","304","264.6","29.3"
"289",13,"Tony Jones Jr.",NO,"RB98","237","321","280.4","20.2"
"290",13,"Trey McBride",FA,"TE41","126","256","187.7","44.5"
"291",13,"Blake Jarwin",FA,"TE42","175","348","265.7","41.8"
"292",13,"Sam Howell",FA,"QB39","98","199","141.7","29.4"
"293",13,"James Cook",FA,"RB99","149","288","212.3","47.1"
"294",13,"Preston Williams",MIA,"WR114","211","356","279.9","37.7"
"295",13,"David Bell",FA,"WR115","136","343","213.2","59.7"
"296",13,"Braxton Berrios",NYJ,"WR116","168","321","248.6","50.1"
"297",13,"Ricky Seals-Jones",WAS,"TE43","206","323","273.3","36.4"
"298",13,"JaMycal Hasty",SF,"RB100","222","350","289.2","32.2"
"299",13,"Jordan Howard",PHI,"RB101","250","372","287.8","31.3"
"300",13,"Benny Snell Jr.",PIT,"RB102","253","374","291.3","29.1"
"301",13,"Tutu Atwell",LAR,"WR117","240","344","278.0","28.2"
"302",13,"Desmond Ridder",FA,"QB40","118","171","149.8","18.5"
"303",13,"Devonta Freeman",BAL,"RB103","219","345","288.4","28.8"
"304",14,"John Metchie",FA,"WR118","161","311","227.7","50.8"
"305",14,"Gardner Minshew II",PHI,"QB41","159","216","189.6","17.8"
"306",14,"Justyn Ross",FA,"WR119","164","302","231.1","48.8"
"307",14,"Matt Corral",FA,"QB42","99","167","126.6","26.3"
"308",14,"Tylan Wallace",BAL,"WR120","235","357","291.3","32.0"
"309",14,"Demetric Felton",CLE,"RB104","245","378","292.5","33.3"
"310",14,"Kenny Pickett",FA,"QB43","119","154","138.6","11.3"
"311",14,"Tyler Allgeier",FA,"RB105","179","318","224.4","46.0"
"312",14,"Zay Jones",JAC,"WR121","203","332","279.4","44.5"
"313",14,"Foster Moreau",LV,"TE44","262","312","288.3","18.2"
"314",14,"Wan'dale Robinson",FA,"WR122","163","312","231.8","50.2"
"315",14,"Will Dissly",SEA,"TE45","251","329","294.0","24.3"
"316",14,"Zach Pascal",PHI,"WR123","239","338","284.3","24.8"
"317",14,"Scotty Miller",TB,"WR124","254","354","290.1","31.4"
"318",14,"Cam Newton",FA,"QB44","159","300","219.3","50.4"
"319",14,"Keelan Cole Sr.",NYJ,"WR125","243","383","293.0","40.3"
"320",14,"Jerome Ford",FA,"RB106","157","348","240.1","55.0"
"321",14,"Tyler Huntley",BAL,"QB45","155","260","202.2","38.5"
"322",14,"Tyler Badie",FA,"RB107","185","284","246.0","35.3"
"323",14,"Anthony Firkser",TEN,"TE46","266","335","299.0","18.6"
"324",14,"Ihmir Smith-Marsette",MIN,"WR126","241","328","284.7","25.8"
"325",14,"Eric Ebron",FA,"TE47","244","344","291.9","26.3"
"326",14,"Jalen Wydermyer",FA,"TE48","147","347","259.4","68.4"
"327",14,"Jaelon Darden",TB,"WR127","258","323","289.0","25.0"
"328",14,"Isaiah Likely",FA,"TE49","173","332","262.1","48.0"
"329",14,"Tre' McKitty",LAC,"TE50","274","343","310.4","19.9"
"330",14,"Olamide Zaccheaus",ATL,"WR128","215","341","291.4","32.7"
"331",14,"Jalen Tolbert",FA,"WR129","197","326","250.6","50.8"
"332",14,"Kyle Trask",TB,"QB46","196","247","209.2","19.1"
"333",14,"Randall Cobb",GB,"WR130","257","330","294.4","21.0"
"334",14,"Pierre Strong Jr.",FA,"RB108","180","369","238.0","62.8"
"335",14,"Matt Breida",NYG,"RB109","225","373","289.5","34.8"
"336",14,"Anthony Miller",PIT,"WR131","227","359","296.4","39.3"
"337",14,"Ty'Son Williams",BAL,"RB110","256","335","291.6","26.8"
"338",14,"Breshad Perriman",TB,"WR132","252","382","306.8","31.4"
"339",14,"Deonte Harris",NO,"WR133","212","325","277.3","41.5"
"340",14,"Taylor Heinicke",WAS,"QB47","186","277","225.8","29.2"
"341",14,"Laquon Treadwell",JAC,"WR134","220","333","287.4","40.0"
"342",14,"Kellen Mond",MIN,"QB48","190","286","227.6","32.7"
"343",14,"Royce Freeman",HOU,"RB111","263","293","279.8","11.8"
"344",14,"Dontrell Hilliard",TEN,"RB112","239","341","290.2","30.5"
"345",14,"Khalil Shakir",FA,"WR135","151","318","232.0","57.6"
"346",14,"Jacob Harris",LAR,"TE51","268","327","304.9","20.1"
"347",14,"Derrick Gore",KC,"RB113","214","318","283.1","39.7"
"348",14,"Ian Thomas",CAR,"TE52","220","370","310.8","34.8"
"349",14,"John Bates",WAS,"TE53","257","341","299.7","29.4"
"350",14,"Jeremy Ruckert",FA,"TE54","228","344","272.4","39.7"
"351",14,"Alec Pierce",FA,"WR136","193","338","262.2","48.0"
"352",14,"Kevin Harris",FA,"RB114","163","300","245.2","50.0"
"353",14,"Jauan Jennings",SF,"WR137","257","341","291.8","30.5"
"354",14,"Rashard Higgins",CAR,"WR138","268","354","306.2","25.7"
"355",14,"Cameron Brate",TB,"TE55","264","363","315.9","31.4"
"356",14,"Wayne Gallman Jr.",MIN,"RB115","274","329","301.3","19.6"
"357",14,"Ryan Fitzpatrick",WAS,"QB49","188","301","253.2","37.8"
"358",14,"Josiah Deguara",GB,"TE56","259","346","302.8","24.4"
"359",15,"Tyrod Taylor",NYG,"QB50","228","272","255.2","15.7"
"360",15,"Sincere McCormick",FA,"RB116","213","292","257.6","28.3"
"361",15,"Bo Melton",FA,"WR139","183","282","239.5","38.0"
"362",15,"Andy Dalton",NO,"QB51","231","332","268.6","36.4"
"363",15,"Auden Tate",ATL,"WR140","216","384","306.9","45.8"
"364",15,"Tyler Goodson",FA,"RB117","173","336","270.0","54.4"
"365",15,"Juwan Johnson",NO,"TE57","286","350","311.9","21.6"
"366",15,"Jacoby Brissett",CLE,"QB52","201","279","248.8","30.5"
"367",15,"Zonovan Knight",FA,"RB118","187","349","271.8","58.1"
"368",15,"Shi Smith",CAR,"WR141","225","342","299.6","36.1"
"369",15,"Noah Gray",KC,"TE58","286","350","316.0","21.7"
"370",15,"Maxx Williams",ARI,"TE59","262","364","310.4","29.2"
"371",15,"D'Vonte Price",FA,"RB119","191","280","222.3","40.8"
"372",15,"Calvin Austin III",FA,"WR142","246","339","279.4","34.3"
"373",15,"Greg Dulcich",FA,"TE60","210","329","280.4","39.3"
"374",15,"Dare Ogunbowale",HOU,"RB120","251","315","281.4","23.2"
"375",15,"Jerrion Ealy",FA,"RB121","246","318","282.2","23.8"
"376",15,"Abram Smith",FA,"RB122","242","329","282.8","28.4"
"377",15,"Kennedy Brooks",FA,"RB123","240","315","284.2","25.7"
"378",15,"Hassan Haskins",FA,"RB124","185","276","231.3","37.2"
"379",15,"Mike Boone",DEN,"RB125","255","353","298.8","36.9"
"380",15,"Carlos Hyde",FA,"RB126","279","302","286.2","8.5"
"381",15,"Kyle Rudolph",FA,"TE61","298","371","321.9","22.9"
"382",15,"Keaontay Ingram",FA,"RB127","185","339","275.0","58.7"
"383",15,"Mason Rudolph",PIT,"QB53","237","252","246.3","6.7"
"384",15,"Keke Coutee",IND,"WR143","247","348","305.3","32.5"
"385",15,"Kalen Ballage",PIT,"RB128","244","324","293.8","31.2"
"386",15,"Nick Westbrook-Ikhine",TEN,"WR144","283","351","316.1","23.0"
"387",15,"Kalif Raymond",DET,"WR145","248","306","283.0","23.9"
"388",15,"Cam Sims",WAS,"WR146","202","337","285.5","54.2"
"389",15,"Romeo Doubs",FA,"WR147","198","365","285.8","59.3"
"390",15,"Dwayne Haskins",PIT,"QB54","196","303","266.7","50.0"
"391",15,"Ashton Dulin",IND,"WR148","265","340","306.2","33.8"
"392",15,"Brandon Bolden",LV,"RB129","272","352","306.6","31.1"
"393",15,"John Brown",FA,"WR149","216","327","269.0","45.5"
"394",15,"Andy Isabella",ARI,"WR150","254","388","311.8","49.3"
"395",15,"Nick Foles",CHI,"QB55","204","313","269.7","47.2"
"396",15,"Jamal Agnew",JAC,"WR151","279","342","308.4","22.1"
"397",15,"Grant Calcaterra",FA,"TE62","249","313","273.7","28.1"
"398",15,"Marquez Stevenson",BUF,"WR152","202","326","274.3","52.7"
"399",15,"Dazz Newsome",CHI,"WR153","217","341","297.3","48.4"
"400",15,"Mike Strachan",IND,"WR154","264","338","310.8","24.9"
"401",15,"Brycen Hopkins",LAR,"TE63","226","345","311.4","43.9"
"402",15,"Max Borghi",FA,"RB130","238","320","277.7","33.5"
"403",15,"La'Mical Perine",NYJ,"RB131","269","353","312.4","26.7"
"404",15,"Demarcus Robinson",LV,"WR155","305","360","327.6","20.4"
"405",15,"Tyquan Thornton",FA,"WR156","229","256","242.5","13.5"
"406",15,"Ameer Abdullah",CAR,"RB132","276","347","303.8","26.5"
"407",15,"Jelani Woods",FA,"TE64","220","345","284.3","51.1"
"408",15,"Anthony McFarland Jr.",PIT,"RB133","276","355","317.0","31.3"
"409",15,"John Ross",NYG,"WR157","280","381","321.6","32.8"
"410",15,"Lynn Bowden Jr.",MIA,"WR158","265","343","308.0","31.6"
"411",15,"Seth Williams",DEN,"WR159","246","360","319.2","38.7"
"412",15,"Dez Fitzpatrick",TEN,"WR160","282","375","322.4","30.0"
"413",15,"Charlie Kolar",FA,"TE65","281","362","310.0","31.4"
"414",15,"Travis Homer",SEA,"RB134","314","329","323.6","6.3"
"415",15,"Jake Ferguson",FA,"TE66","288","366","316.0","30.7"
"416",15,"Braylon Sanders",FA,"WR161","253","363","300.0","46.3"
"417",15,"Freddie Swain",SEA,"WR162","310","376","328.6","24.1"
"418",15,"Peyton Barber",LV,"RB135","298","334","318.3","14.0"
"419",15,"Chris Herndon IV",MIN,"TE67","314","361","327.6","17.0"
"420",16,"Isaiah Pacheco",FA,"RB136","189","189","189.0","0.0"
"421",16,"Tyrell Williams",FA,"WR163","248","347","306.3","42.3"
"422",16,"Jimmy Graham",CHI,"TE68","294","341","321.0","19.5"
"423",16,"DeSean Jackson",LV,"WR164","308","385","334.2","27.1"
"424",16,"Jacob Hollister",LV,"TE69","296","387","328.5","35.0"
"425",16,"Richie James Jr.",NYG,"WR165","243","322","282.5","39.5"
"426",16,"Alex Collins",SEA,"RB137","291","377","326.5","33.5"
"427",16,"Malcolm Brown",MIA,"RB138","309","312","310.3","1.3"
"428",16,"Jarrett Stidham",NE,"QB56","264","308","286.0","22.0"
"429",16,"Travis Fulgham",DEN,"WR166","270","337","312.7","30.3"
"430",16,"J.J. Arcega-Whiteside",PHI,"WR167","258","327","292.5","34.5"
"431",16,"Cole Turner",FA,"TE70","289","367","318.7","34.5"
"432",16,"Sam Ehlinger",IND,"QB57","296","297","296.5","0.5"
"433",16,"Collin Johnson",NYG,"WR168","310","335","319.3","11.2"
"434",16,"Cade Otton",FA,"TE71","290","368","320.7","34.0"
"435",16,"Geoff Swaim",TEN,"TE72","289","386","336.0","35.6"
"436",16,"Jake Funk",LAR,"RB139","249","346","297.5","48.5"
"437",16,"Tyree Jackson",PHI,"TE73","270","325","297.5","27.5"
"438",16,"Tyron Johnson",LV,"WR169","321","344","331.0","8.5"
"439",16,"Javian Hawkins",TEN,"RB140","308","347","333.5","15.4"
"440",16,"Jacob Eason",SEA,"QB58","316","336","325.7","8.2"
"441",16,"Jalen Richard",FA,"RB141","254","254","254.0","0.0"
"442",16,"Drew Sample",CIN,"TE74","286","334","310.0","24.0"
"443",16,"Josh Oliver",BAL,"TE75","305","319","312.0","7.0"
"444",16,"Daniel Bellinger",FA,"TE76","307","379","336.3","30.9"
"445",16,"Trayveon Williams",CIN,"RB142","269","269","269.0","0.0"
"446",16,"Kyle Allen",HOU,"QB59","302","331","316.5","14.5"
"447",16,"Godwin Igwebuike",DET,"RB143","292","357","333.7","29.5"
"448",16,"Antoine Wesley",ARI,"WR170","319","319","319.0","0.0"
"449",16,"Darwin Thompson",SEA,"RB144","275","275","275.0","0.0"
"450",16,"Dontario Drummond",FA,"WR171","275","275","275.0","0.0"
"451",16,"Simi Fehoko",DAL,"WR172","276","276","276.0","0.0"
"452",16,"Adam Humphries",WAS,"WR173","322","359","334.7","17.2"
"453",16,"P.J. Walker",CAR,"QB60","305","338","321.5","16.5"
"454",16,"Kaden Smith",FA,"TE77","334","339","336.0","2.2"
"455",16,"Jace Sternberger",PIT,"TE78","302","343","322.5","20.5"
"456",16,"Jaylen Samuels",ARI,"RB145","284","284","284.0","0.0"
"457",16,"Qadree Ollison",ATL,"RB146","290","290","290.0","0.0"
"458",16,"James O'Shaughnessy",JAC,"TE79","291","291","291.0","0.0"
"459",16,"Pooka Williams Jr.",CIN,"RB147","292","292","292.0","0.0"
"460",16,"Miles Boykin",BAL,"WR174","293","293","293.0","0.0"
"461",16,"Derrius Guice",FA,"RB148","294","294","294.0","0.0"
"462",16,"Hunter Bryant",DET,"TE80","294","294","294.0","0.0"
"463",16,"Marcedes Lewis",GB,"TE81","312","346","329.0","17.0"
"464",16,"Tyler Kroft",NYJ,"TE82","295","295","295.0","0.0"
"465",16,"Kenny Stills",NO,"WR175","297","297","297.0","0.0"
"466",16,"Dante Pettis",NYG,"WR176","299","299","299.0","0.0"
"467",16,"Mohamed Sanu Sr.",SF,"WR177","300","300","300.0","0.0"
"468",16,"Bisi Johnson",MIN,"WR178","300","300","300.0","0.0"
"469",16,"Le'Veon Bell",FA,"RB149","331","335","333.0","2.0"
"470",16,"Kenny Yeboah",NYJ,"TE83","325","342","333.5","8.5"
"471",16,"Mike White",NYJ,"QB61","304","304","304.0","0.0"
"472",16,"Jaivon Heiligh",FA,"WR179","308","361","334.5","26.5"
"473",16,"Ray-Ray McCloud",SF,"WR180","307","307","307.0","0.0"
"474",16,"Slade Bolden",FA,"WR181","311","380","345.5","34.5"
"475",16,"Chester Rogers",TEN,"WR182","313","313","313.0","0.0"
"476",16,"Gerrid Doaks",MIA,"RB150","313","313","313.0","0.0"
"477",16,"DaeSean Hamilton",HOU,"WR183","314","314","314.0","0.0"
"478",16,"Hakeem Butler",FA,"WR184","315","315","315.0","0.0"
"479",16,"Craig Reynolds",DET,"RB151","317","317","317.0","0.0"
"480",16,"Henry Ruggs III",FA,"WR185","318","318","318.0","0.0"
"481",16,"Kelvin Harmon",WAS,"WR186","320","320","320.0","0.0"
"482",16,"Geronimo Allison",FA,"WR187","322","322","322.0","0.0"
"483",16,"Jordan Akins",HOU,"TE84","323","323","323.0","0.0"
"484",16,"Jalen Hurd",FA,"WR188","323","323","323.0","0.0"
"485",16,"Jeremy McNichols",FA,"RB152","339","349","344.0","5.0"
"486",16,"Cornell Powell",KC,"WR189","325","325","325.0","0.0"
"487",16,"Devin Asiasi",NE,"TE85","326","326","326.0","0.0"
"488",16,"MyCole Pruitt",TEN,"TE86","327","327","327.0","0.0"
"489",16,"David Moore",FA,"WR190","329","329","329.0","0.0"
"490",16,"Noah Grey",KC,"TE87","329","329","329.0","0.0"
"491",16,"Brandon Allen",CIN,"QB62","330","330","330.0","0.0"
"492",16,"Chigoziem Okonkwo",FA,"TE88","331","331","331.0","0.0"
"493",16,"Kahale Warring",JAC,"TE89","332","332","332.0","0.0"
"494",16,"Ian Book",NO,"QB63","333","333","333.0","0.0"
"495",16,"J.J. Taylor",NE,"RB153","335","335","335.0","0.0"
"496",16,"Ben Skowronek",LAR,"WR191","336","336","336.0","0.0"
"497",16,"Darren Fells",FA,"TE90","337","337","337.0","0.0"
"498",16,"Chris Thompson",FA,"RB154","339","339","339.0","0.0"
"499",16,"Phillip Dorsett II",HOU,"WR192","339","339","339.0","0.0"
"500",16,"Chris Conley",HOU,"WR193","342","362","352.0","10.0"
"501",16,"Durham Smythe",MIA,"TE91","343","343","343.0","0.0"
"502",16,"Stephen Anderson",ARI,"TE92","344","344","344.0","0.0"
"503",16,"James Proche II",BAL,"WR194","358","358","358.0","0.0"
"504",16,"Jaquarii Roberson",FA,"WR195","389","389","389.0","0.0"